USE [ThucTapNhom]
GO
INSERT [dbo].[__MigrationHistory] ([MigrationId], [ContextKey], [Model], [ProductVersion]) VALUES (N'202006221556431_first_migration', N'ThucTapNhom.Migrations.Configuration', 0x1F8B0800000000000400ED5CDB6EE336107D2FD07F10F4D402592BC9BEB481BD8BD4DE14419B4BD7CEBE33D2D8164A512A49A5F6B7F5A19FD45F2875A724CABAD8B938201658AC29CE19929A33E47034FBDF3FFF8E3F6F3C6C3C0165AE4F26E6D9E8D43480D8BEE392D5C40CF9F2C34FE6E74FDF7F37FEE2781BE35BD6EF63D44F48123631D79C071796C5EC3578888D3CD7A63EF3977C64FB9E851CDF3A3F3DFDD93A3BB340409802CB30C65F43C25D0FE21FE2E7D42736043C44F8C67700B3B45D3C99C7A8C62DF28005C88689B95887F60205B76BDF1B25BD4DE312BB488C640E78691A88109F232EC679F1C060CEA94F56F3403420BCD80620FA2D1166908EFFA2E8DE752AA7E7D154AC423083B243C67DAF27E0D9C7746DACAAF8A01536F3B513ABF745AC32DF46B38E5770624E1187954FB7A651557631C534EAA85AE051267662480F4F7273105613FD3931A621E6218509819053844F8CFBF011BBF66FB05DF87F029990106379806288E259A94134DD533F00CAB75F61990EFBDA310DAB2C6755057331492699D035E11FCF4DE35628478F18F2F72F4D7ECE7D0ABF02012A66EADC23CE81920803E215AC69AFE88AFECEB4098313DC318D1BB4F91DC88AAF27A6F8A7695CB91B70B29674040FC4155413429C86D0A6644A211ADC25CF34CDC4CF851B69AE4D6D37D243E03421ED169C0186418273B1CE216B7B2132C6D82A8C77B749FBC85EF7B5E748461BF36B1AB34FB818CEB3EBB9F6D00A1E28D6EC7C2576C6B404DA97A0A998E6E82B72F47EED93E7D7F2C543EEF3D3F3D2712830A6DDC041DD8062FEE949B19D0C83DCC92DFCDDD3930809ED44D4BA162EC7CFCFEF19309BBA4112D0E85385762707700377D4013A031EEF1CBDDC8124A9DD825A57BC44FDFCB7E2EC407D27B4F9BE307F84281DF35E9B926651238B86F0473347AD6B2170F03D75ED7C579DF962E6FDCD2C0B7F0E74CC1FA8FD50E77FCDD643B035F5A83DF99A4A69C6AA75BD4C1C7D008FA04F9C471CC046610972858DA63A6EB66246E811318803968D8AD40FE261C26B96BEB8F2B013E439F0F2B85D10F32FC692E4C44645DAC76A41892EC6D510C9357B9B7CBA752811F2ABC0161011B2ABE4E3D8BF45543ADEAB204A714317A8469056F1D4F1AA00724FAEB2A0DC568A1CA8952441B364A9D5902D1DDFA020104E41CA9EA62DC63C499D4E3FCCFBE714BD04C3B29922B5988F36D724FCB1F05495A791613970E552C633CB378DA9E3D5BAD599D1B0CA99BE9AF157F7A462F53391E8DFE979AD39D359C52916F34ACCCF13BB4B3C55C80724E5566BA2711E1B6144153BDDD4C7A1479A76CB5DD2C9DE25CB272DDD11245F2FC348CDDDB1246F2F6349CDDDB1A40D40C6929ABB63657B820C94B5D551C656E52D57CDC9AAD953E57453B5D06EF69BBADD7D8D37F6D1032C572DF766CD36BBE52B196DD6D81DA73853956693B76A221D1F91F2F3C7BE54CA0E2B03D8D428FA56099506FA3244DAD41D234DE3C9186953778C3C4927A3E48D9A8EC3E9D8B85252B4535A2AA9FDCD903B8E0BF6E4751444F4A7B452EA79D89C26E56480B4A98F9D4929B7B2A5490FF486FB9E18FE4A9C2C05DC7B72538ECEFB7374A7F4F37035CF94C91079638FFDB7489695F6E0A2B93B56913193A18A56CDB1E3E4D861D83594572FB6FB4919B4D21628B5F7B0E0521AAD64C4A527FD111527E6CA23CDB3A3E3597E65BB27D3B2FBDDFE5C6B947CB391639DAABD59AA4F853AEE931E56530A521EA4DC92FFCE132069F2A1BD86AC968D48BA988658A627D7893211F32DE3E08DA20EA3F95F788ADD38D8C93ADC20E22E81F1243D6E9E9F9E9D57CAD0DE4E4998C598833BD68595DFD70BE4F8DD68555BB3F83D93B8891B4B14902744ED35A23F7868F3A38C34281B1EB19F1F241BAE42EAF63D6D253B3E14A89C2D8FDFC3212BB2B425EDFA34792FACEAC720DAC45FDCC49577FCDACA4B9F0CEE85542A0BDA0BA952FAA3C97220B22856A7F6EDD4012957BB833F5AB695EA6EF63247456D8DDEA4DE3BEF0655C9BC0FE6544A5386F8A8FB6A61CA10906A59CA2067A94D7AA049BF1363AE578B2CB18F061892A258A4D1D90E2F00D913525B7B7F6B575E071FADBD1F2EC8D89F33FA7072C44141B59CA2FE6D7943BAA77AD9B9AB5022B911160BF7E88B712723956B2C5A3EFF4FCB259ACA2894E859ED451B745E47B1A3C442A9A028CE685111975AA80B3054C049C1460B66A9F6627765864A47B9B2A38BAEE6D28D46FC76E4CC25EFA8EA50A1E7A945A59977A8F9A8A736C696FC9FE88D4528E8AE0A88E8BFD42360479161019AF5B9264B3F63A9989A3CA2AC4B85C43762E1850B419794BB4B6473F1D806C6E212B46F0887105DD83C82734DEE421E84FC9231F01E71E97B93B1B55B7F5CD8521EF3F82E8E6DD921A62086E9465EF08EFC12BAD8C9C77DA5703F0D1091A349374431AA398F36C6D53647BAAD25FE9B80D2E59B410024DA4E17E0055880B13B32474F30646C0F0C7E8715B2B75986AA19A4FD4594977D3C73D18A228FA51885BCF8296CD8F1369FFE07A27E20CB4B520000, N'6.4.4')
GO
SET IDENTITY_INSERT [dbo].[Categories] ON 

INSERT [dbo].[Categories] ([Id], [Name], [CreatedAt], [UpdatedAt], [DeletedAt], [Status]) VALUES (1, N'Thể hình', CAST(N'2020-06-30T22:27:46.000' AS DateTime), NULL, NULL, 1)
INSERT [dbo].[Categories] ([Id], [Name], [CreatedAt], [UpdatedAt], [DeletedAt], [Status]) VALUES (2, N'Bơi lội', CAST(N'2020-06-30T22:28:03.000' AS DateTime), NULL, NULL, 1)
INSERT [dbo].[Categories] ([Id], [Name], [CreatedAt], [UpdatedAt], [DeletedAt], [Status]) VALUES (3, N'Thể dục nhóm', CAST(N'2020-06-30T22:28:24.000' AS DateTime), NULL, NULL, 1)
INSERT [dbo].[Categories] ([Id], [Name], [CreatedAt], [UpdatedAt], [DeletedAt], [Status]) VALUES (4, N'Yoga', CAST(N'2020-06-30T22:28:50.000' AS DateTime), NULL, NULL, 1)
INSERT [dbo].[Categories] ([Id], [Name], [CreatedAt], [UpdatedAt], [DeletedAt], [Status]) VALUES (5, N'Kickfit', CAST(N'2020-06-30T22:29:43.000' AS DateTime), NULL, NULL, 1)
INSERT [dbo].[Categories] ([Id], [Name], [CreatedAt], [UpdatedAt], [DeletedAt], [Status]) VALUES (9, N'Dụng cụ tập', CAST(N'2020-06-20T00:00:00.000' AS DateTime), NULL, NULL, 1)
SET IDENTITY_INSERT [dbo].[Categories] OFF
GO
SET IDENTITY_INSERT [dbo].[Customers] ON 

INSERT [dbo].[Customers] ([Id], [Name], [Phone], [Email], [Address], [CreatedAt], [UpdatedAt], [DeletedAt], [Status], [CategoryId]) VALUES (2, N'Nguyễn Minh Quân', N'0382308007', N'nmquan2711@gmail.com', N'Hà Nội ', CAST(N'2020-06-07T00:00:00.000' AS DateTime), NULL, NULL, 1, 1)
SET IDENTITY_INSERT [dbo].[Customers] OFF
GO
SET IDENTITY_INSERT [dbo].[OrderDetails] ON 

INSERT [dbo].[OrderDetails] ([Id], [OrderId], [ProductId], [Quantity], [CreatedAt], [UpdatedAt], [DeletedAt], [Status]) VALUES (1, 4, 3, 2, CAST(N'2019-07-03T00:00:00.000' AS DateTime), NULL, NULL, 1)
INSERT [dbo].[OrderDetails] ([Id], [OrderId], [ProductId], [Quantity], [CreatedAt], [UpdatedAt], [DeletedAt], [Status]) VALUES (3, 4, 38, 1, CAST(N'2019-07-03T00:00:00.000' AS DateTime), NULL, NULL, 1)
INSERT [dbo].[OrderDetails] ([Id], [OrderId], [ProductId], [Quantity], [CreatedAt], [UpdatedAt], [DeletedAt], [Status]) VALUES (4, 4, 9, 1, CAST(N'2019-07-03T00:00:00.000' AS DateTime), NULL, NULL, 1)
INSERT [dbo].[OrderDetails] ([Id], [OrderId], [ProductId], [Quantity], [CreatedAt], [UpdatedAt], [DeletedAt], [Status]) VALUES (6, 5, 6, 1, CAST(N'2019-08-19T00:00:00.000' AS DateTime), NULL, NULL, 1)
INSERT [dbo].[OrderDetails] ([Id], [OrderId], [ProductId], [Quantity], [CreatedAt], [UpdatedAt], [DeletedAt], [Status]) VALUES (7, 6, 9, 1, CAST(N'2020-07-01T00:00:00.000' AS DateTime), NULL, NULL, 1)
INSERT [dbo].[OrderDetails] ([Id], [OrderId], [ProductId], [Quantity], [CreatedAt], [UpdatedAt], [DeletedAt], [Status]) VALUES (8, 7, 29, 1, CAST(N'2020-05-06T00:00:00.000' AS DateTime), NULL, NULL, 1)
INSERT [dbo].[OrderDetails] ([Id], [OrderId], [ProductId], [Quantity], [CreatedAt], [UpdatedAt], [DeletedAt], [Status]) VALUES (10, 7, 27, 1, CAST(N'2020-05-06T00:00:00.000' AS DateTime), NULL, NULL, 1)
INSERT [dbo].[OrderDetails] ([Id], [OrderId], [ProductId], [Quantity], [CreatedAt], [UpdatedAt], [DeletedAt], [Status]) VALUES (11, 8, 41, 1, CAST(N'2020-03-04T00:00:00.000' AS DateTime), NULL, NULL, 1)
INSERT [dbo].[OrderDetails] ([Id], [OrderId], [ProductId], [Quantity], [CreatedAt], [UpdatedAt], [DeletedAt], [Status]) VALUES (12, 9, 24, 1, CAST(N'2020-03-04T00:00:00.000' AS DateTime), NULL, NULL, 1)
INSERT [dbo].[OrderDetails] ([Id], [OrderId], [ProductId], [Quantity], [CreatedAt], [UpdatedAt], [DeletedAt], [Status]) VALUES (13, 10, 20, 1, CAST(N'2020-05-07T00:00:00.000' AS DateTime), NULL, NULL, 1)
INSERT [dbo].[OrderDetails] ([Id], [OrderId], [ProductId], [Quantity], [CreatedAt], [UpdatedAt], [DeletedAt], [Status]) VALUES (14, 11, 6, 1, CAST(N'2020-05-18T00:00:00.000' AS DateTime), NULL, NULL, 1)
INSERT [dbo].[OrderDetails] ([Id], [OrderId], [ProductId], [Quantity], [CreatedAt], [UpdatedAt], [DeletedAt], [Status]) VALUES (16, 11, 12, 1, CAST(N'2020-05-18T00:00:00.000' AS DateTime), NULL, NULL, 1)
INSERT [dbo].[OrderDetails] ([Id], [OrderId], [ProductId], [Quantity], [CreatedAt], [UpdatedAt], [DeletedAt], [Status]) VALUES (17, 12, 30, 1, CAST(N'2020-01-16T00:00:00.000' AS DateTime), NULL, NULL, 1)
INSERT [dbo].[OrderDetails] ([Id], [OrderId], [ProductId], [Quantity], [CreatedAt], [UpdatedAt], [DeletedAt], [Status]) VALUES (18, 13, 4, 1, CAST(N'2020-06-28T00:00:00.000' AS DateTime), NULL, NULL, 1)
INSERT [dbo].[OrderDetails] ([Id], [OrderId], [ProductId], [Quantity], [CreatedAt], [UpdatedAt], [DeletedAt], [Status]) VALUES (19, 14, 4, 1, CAST(N'2020-06-28T00:00:00.000' AS DateTime), NULL, NULL, 1)
INSERT [dbo].[OrderDetails] ([Id], [OrderId], [ProductId], [Quantity], [CreatedAt], [UpdatedAt], [DeletedAt], [Status]) VALUES (20, 15, 27, 1, CAST(N'2020-05-09T00:00:00.000' AS DateTime), NULL, NULL, 1)
INSERT [dbo].[OrderDetails] ([Id], [OrderId], [ProductId], [Quantity], [CreatedAt], [UpdatedAt], [DeletedAt], [Status]) VALUES (21, 16, 10, 1, CAST(N'2020-04-26T00:00:00.000' AS DateTime), NULL, NULL, 1)
INSERT [dbo].[OrderDetails] ([Id], [OrderId], [ProductId], [Quantity], [CreatedAt], [UpdatedAt], [DeletedAt], [Status]) VALUES (22, 17, 9, 5, CAST(N'2020-04-24T00:00:00.000' AS DateTime), NULL, NULL, 1)
INSERT [dbo].[OrderDetails] ([Id], [OrderId], [ProductId], [Quantity], [CreatedAt], [UpdatedAt], [DeletedAt], [Status]) VALUES (23, 18, 33, 2, CAST(N'2020-01-03T00:00:00.000' AS DateTime), NULL, NULL, 1)
INSERT [dbo].[OrderDetails] ([Id], [OrderId], [ProductId], [Quantity], [CreatedAt], [UpdatedAt], [DeletedAt], [Status]) VALUES (24, 19, 30, 1, CAST(N'2020-02-07T00:00:00.000' AS DateTime), NULL, NULL, 1)
INSERT [dbo].[OrderDetails] ([Id], [OrderId], [ProductId], [Quantity], [CreatedAt], [UpdatedAt], [DeletedAt], [Status]) VALUES (25, 20, 21, 1, CAST(N'2020-06-09T00:00:00.000' AS DateTime), NULL, NULL, 1)
INSERT [dbo].[OrderDetails] ([Id], [OrderId], [ProductId], [Quantity], [CreatedAt], [UpdatedAt], [DeletedAt], [Status]) VALUES (26, 21, 29, 1, CAST(N'2020-05-09T00:00:00.000' AS DateTime), NULL, NULL, 1)
INSERT [dbo].[OrderDetails] ([Id], [OrderId], [ProductId], [Quantity], [CreatedAt], [UpdatedAt], [DeletedAt], [Status]) VALUES (27, 22, 6, 1, CAST(N'2020-04-07T00:00:00.000' AS DateTime), NULL, NULL, 1)
INSERT [dbo].[OrderDetails] ([Id], [OrderId], [ProductId], [Quantity], [CreatedAt], [UpdatedAt], [DeletedAt], [Status]) VALUES (28, 23, 35, 1, CAST(N'2020-03-18T00:00:00.000' AS DateTime), NULL, NULL, 1)
INSERT [dbo].[OrderDetails] ([Id], [OrderId], [ProductId], [Quantity], [CreatedAt], [UpdatedAt], [DeletedAt], [Status]) VALUES (29, 23, 36, 1, CAST(N'2020-03-18T00:00:00.000' AS DateTime), NULL, NULL, 1)
INSERT [dbo].[OrderDetails] ([Id], [OrderId], [ProductId], [Quantity], [CreatedAt], [UpdatedAt], [DeletedAt], [Status]) VALUES (30, 24, 21, 1, CAST(N'2020-05-07T00:00:00.000' AS DateTime), NULL, NULL, 1)
SET IDENTITY_INSERT [dbo].[OrderDetails] OFF
GO
SET IDENTITY_INSERT [dbo].[Orders] ON 

INSERT [dbo].[Orders] ([Id], [TotalPrice], [CustomerName], [CustomerPhone], [CreatedAt], [UpdatedAt], [DeletedAt], [Status]) VALUES (4, 92450000, N'Bùi Vinh Liêm', N'0912898989', CAST(N'2019-07-03T00:00:00.000' AS DateTime), NULL, NULL, 1)
INSERT [dbo].[Orders] ([Id], [TotalPrice], [CustomerName], [CustomerPhone], [CreatedAt], [UpdatedAt], [DeletedAt], [Status]) VALUES (5, 900000, N'Nguyễn Minh Quân', N'0912985598', CAST(N'2019-08-19T00:00:00.000' AS DateTime), NULL, NULL, 1)
INSERT [dbo].[Orders] ([Id], [TotalPrice], [CustomerName], [CustomerPhone], [CreatedAt], [UpdatedAt], [DeletedAt], [Status]) VALUES (6, 50000, N'Nguyễn Minh Quân', N'0912985598', CAST(N'2020-01-02T00:00:00.000' AS DateTime), NULL, NULL, 1)
INSERT [dbo].[Orders] ([Id], [TotalPrice], [CustomerName], [CustomerPhone], [CreatedAt], [UpdatedAt], [DeletedAt], [Status]) VALUES (7, 32000000, N'Nguyễn Minh Quân', N'0912985598', CAST(N'2020-05-06T00:00:00.000' AS DateTime), NULL, NULL, 1)
INSERT [dbo].[Orders] ([Id], [TotalPrice], [CustomerName], [CustomerPhone], [CreatedAt], [UpdatedAt], [DeletedAt], [Status]) VALUES (8, 350000, N'Nguyễn Minh Anh', N'0382308007', CAST(N'2020-03-04T00:00:00.000' AS DateTime), NULL, NULL, 1)
INSERT [dbo].[Orders] ([Id], [TotalPrice], [CustomerName], [CustomerPhone], [CreatedAt], [UpdatedAt], [DeletedAt], [Status]) VALUES (9, 3500000, N'Nguyễn Quốc Trường Phước', N'0384567878', CAST(N'2020-03-04T00:00:00.000' AS DateTime), NULL, NULL, 1)
INSERT [dbo].[Orders] ([Id], [TotalPrice], [CustomerName], [CustomerPhone], [CreatedAt], [UpdatedAt], [DeletedAt], [Status]) VALUES (10, 5000000, N'Bùi Vinh Nam', N'0913456782', CAST(N'2020-05-07T00:00:00.000' AS DateTime), NULL, NULL, 1)
INSERT [dbo].[Orders] ([Id], [TotalPrice], [CustomerName], [CustomerPhone], [CreatedAt], [UpdatedAt], [DeletedAt], [Status]) VALUES (11, 11500000, N'Phan Hoài Nam', N'0912984467', CAST(N'2020-05-18T00:00:00.000' AS DateTime), NULL, NULL, 1)
INSERT [dbo].[Orders] ([Id], [TotalPrice], [CustomerName], [CustomerPhone], [CreatedAt], [UpdatedAt], [DeletedAt], [Status]) VALUES (12, 36000000, N'Nguyễn Phương Thảo', N'0963122802', CAST(N'2020-01-16T00:00:00.000' AS DateTime), NULL, NULL, 1)
INSERT [dbo].[Orders] ([Id], [TotalPrice], [CustomerName], [CustomerPhone], [CreatedAt], [UpdatedAt], [DeletedAt], [Status]) VALUES (13, 500000, N'Nguyễn Minh Vương', N'0912678967', CAST(N'2020-06-28T00:00:00.000' AS DateTime), NULL, NULL, 1)
INSERT [dbo].[Orders] ([Id], [TotalPrice], [CustomerName], [CustomerPhone], [CreatedAt], [UpdatedAt], [DeletedAt], [Status]) VALUES (14, 500000, N'Tống Giang', N'0913767687', CAST(N'2020-06-28T00:00:00.000' AS DateTime), NULL, NULL, 1)
INSERT [dbo].[Orders] ([Id], [TotalPrice], [CustomerName], [CustomerPhone], [CreatedAt], [UpdatedAt], [DeletedAt], [Status]) VALUES (15, 12500000, N'Lê Khánh Hà ', N'0934788576', CAST(N'2020-05-09T00:00:00.000' AS DateTime), NULL, NULL, 1)
INSERT [dbo].[Orders] ([Id], [TotalPrice], [CustomerName], [CustomerPhone], [CreatedAt], [UpdatedAt], [DeletedAt], [Status]) VALUES (16, 300000, N'Nguyễn Hà My', N'0912888888', CAST(N'2020-04-26T00:00:00.000' AS DateTime), NULL, NULL, 1)
INSERT [dbo].[Orders] ([Id], [TotalPrice], [CustomerName], [CustomerPhone], [CreatedAt], [UpdatedAt], [DeletedAt], [Status]) VALUES (17, 450000, N'Lê Thu Huyền', N'0915678967', CAST(N'2020-04-24T00:00:00.000' AS DateTime), NULL, NULL, 1)
INSERT [dbo].[Orders] ([Id], [TotalPrice], [CustomerName], [CustomerPhone], [CreatedAt], [UpdatedAt], [DeletedAt], [Status]) VALUES (18, 11000000, N'Đinh Văn Công', N'038679898', CAST(N'2020-01-03T00:00:00.000' AS DateTime), NULL, NULL, 1)
INSERT [dbo].[Orders] ([Id], [TotalPrice], [CustomerName], [CustomerPhone], [CreatedAt], [UpdatedAt], [DeletedAt], [Status]) VALUES (19, 36000000, N'Đinh Văn Tiền', N'09127777777', CAST(N'2020-02-07T00:00:00.000' AS DateTime), NULL, NULL, 1)
INSERT [dbo].[Orders] ([Id], [TotalPrice], [CustomerName], [CustomerPhone], [CreatedAt], [UpdatedAt], [DeletedAt], [Status]) VALUES (20, 1000000, N'Tô Văn Vũ', N'0914625634', CAST(N'2020-06-09T00:00:00.000' AS DateTime), NULL, NULL, 1)
INSERT [dbo].[Orders] ([Id], [TotalPrice], [CustomerName], [CustomerPhone], [CreatedAt], [UpdatedAt], [DeletedAt], [Status]) VALUES (21, 19500000, N'Nguyễn Huyền Tranh', N'0367898652', CAST(N'2020-05-09T00:00:00.000' AS DateTime), NULL, NULL, 1)
INSERT [dbo].[Orders] ([Id], [TotalPrice], [CustomerName], [CustomerPhone], [CreatedAt], [UpdatedAt], [DeletedAt], [Status]) VALUES (22, 1500000, N'Nguyễn Tú Linh', N'0367198343', CAST(N'2020-04-07T00:00:00.000' AS DateTime), NULL, NULL, 1)
INSERT [dbo].[Orders] ([Id], [TotalPrice], [CustomerName], [CustomerPhone], [CreatedAt], [UpdatedAt], [DeletedAt], [Status]) VALUES (23, 44000000, N'Nguyễn Minh Tùng', N'0378923412', CAST(N'2020-03-18T00:00:00.000' AS DateTime), NULL, NULL, 1)
INSERT [dbo].[Orders] ([Id], [TotalPrice], [CustomerName], [CustomerPhone], [CreatedAt], [UpdatedAt], [DeletedAt], [Status]) VALUES (24, 400000, N'Bùi Vinh Hiếu', N'0913456782', CAST(N'2020-05-07T00:00:00.000' AS DateTime), NULL, NULL, 1)
SET IDENTITY_INSERT [dbo].[Orders] OFF
GO
SET IDENTITY_INSERT [dbo].[Products] ON 

INSERT [dbo].[Products] ([Id], [Name], [Price], [ImageUrl], [CreatedAt], [UpdatedAt], [DeletedAt], [Status], [CategoryId]) VALUES (3, N'Gói tập thể hình 1 tháng', 200000, N'https://saovietphat.vn/wp-content/uploads/2018/05/3.jpg', CAST(N'2020-06-10T00:00:00.000' AS DateTime), NULL, NULL, 1, 1)
INSERT [dbo].[Products] ([Id], [Name], [Price], [ImageUrl], [CreatedAt], [UpdatedAt], [DeletedAt], [Status], [CategoryId]) VALUES (4, N'Gói tập thể hình 3 tháng', 500000, N'https://saovietphat.vn/wp-content/uploads/2018/05/3.jpg', CAST(N'2020-06-10T00:00:00.000' AS DateTime), NULL, NULL, 1, 1)
INSERT [dbo].[Products] ([Id], [Name], [Price], [ImageUrl], [CreatedAt], [UpdatedAt], [DeletedAt], [Status], [CategoryId]) VALUES (5, N'Gói tập thể hình 6 tháng', 900000, N'https://saovietphat.vn/wp-content/uploads/2018/05/3.jpg', CAST(N'2020-06-10T00:00:00.000' AS DateTime), NULL, NULL, 1, 1)
INSERT [dbo].[Products] ([Id], [Name], [Price], [ImageUrl], [CreatedAt], [UpdatedAt], [DeletedAt], [Status], [CategoryId]) VALUES (6, N'Gói tập thể hình 1 năm', 1500000, N'https://saovietphat.vn/wp-content/uploads/2018/05/3.jpg', CAST(N'2020-06-10T00:00:00.000' AS DateTime), NULL, NULL, 1, 1)
INSERT [dbo].[Products] ([Id], [Name], [Price], [ImageUrl], [CreatedAt], [UpdatedAt], [DeletedAt], [Status], [CategoryId]) VALUES (7, N'Gói tập thể hình 2 năm', 2800000, N'https://saovietphat.vn/wp-content/uploads/2018/05/3.jpg', CAST(N'2020-06-10T00:00:00.000' AS DateTime), NULL, NULL, 1, 1)
INSERT [dbo].[Products] ([Id], [Name], [Price], [ImageUrl], [CreatedAt], [UpdatedAt], [DeletedAt], [Status], [CategoryId]) VALUES (9, N'Vé bơi 1 buổi', 50000, N'https://cdn.vietnammoi.vn/stores/news_dataimages/hangtt/052018/22/16/4556_31520149_214257306019001_2852099172079763456_n1.jpg', CAST(N'2020-06-06T00:00:00.000' AS DateTime), NULL, NULL, 1, 2)
INSERT [dbo].[Products] ([Id], [Name], [Price], [ImageUrl], [CreatedAt], [UpdatedAt], [DeletedAt], [Status], [CategoryId]) VALUES (10, N'Vé bơi tuần', 300000, N'https://cdn.vietnammoi.vn/stores/news_dataimages/hangtt/052018/22/16/4556_31520149_214257306019001_2852099172079763456_n1.jpg', CAST(N'2020-06-06T00:00:00.000' AS DateTime), NULL, NULL, 1, 2)
INSERT [dbo].[Products] ([Id], [Name], [Price], [ImageUrl], [CreatedAt], [UpdatedAt], [DeletedAt], [Status], [CategoryId]) VALUES (11, N'Vé bơi tháng', 1000000, N'https://cdn.vietnammoi.vn/stores/news_dataimages/hangtt/052018/22/16/4556_31520149_214257306019001_2852099172079763456_n1.jpg', CAST(N'2020-06-06T00:00:00.000' AS DateTime), NULL, NULL, 1, 2)
INSERT [dbo].[Products] ([Id], [Name], [Price], [ImageUrl], [CreatedAt], [UpdatedAt], [DeletedAt], [Status], [CategoryId]) VALUES (12, N'Vé bơi năm', 10000000, N'https://cdn.vietnammoi.vn/stores/news_dataimages/hangtt/052018/22/16/4556_31520149_214257306019001_2852099172079763456_n1.jpg', CAST(N'2020-06-06T00:00:00.000' AS DateTime), NULL, NULL, 1, 2)
INSERT [dbo].[Products] ([Id], [Name], [Price], [ImageUrl], [CreatedAt], [UpdatedAt], [DeletedAt], [Status], [CategoryId]) VALUES (13, N'Thể dục nhóm 1 tháng', 300000, N'https://images.cfyc.com.vn/phuc/tac-dung-the-duc-nhom2.jpg', CAST(N'2020-06-07T00:00:00.000' AS DateTime), NULL, NULL, 1, 3)
INSERT [dbo].[Products] ([Id], [Name], [Price], [ImageUrl], [CreatedAt], [UpdatedAt], [DeletedAt], [Status], [CategoryId]) VALUES (14, N'Thể dục nhóm 3 tháng', 800000, N'https://images.cfyc.com.vn/phuc/tac-dung-the-duc-nhom2.jpg', CAST(N'2020-06-06T00:00:00.000' AS DateTime), NULL, NULL, 1, 3)
INSERT [dbo].[Products] ([Id], [Name], [Price], [ImageUrl], [CreatedAt], [UpdatedAt], [DeletedAt], [Status], [CategoryId]) VALUES (15, N'Thể dục nhóm 1 năm', 3000000, N'https://images.cfyc.com.vn/phuc/tac-dung-the-duc-nhom2.jpg', CAST(N'2020-06-07T00:00:00.000' AS DateTime), NULL, NULL, 1, 3)
INSERT [dbo].[Products] ([Id], [Name], [Price], [ImageUrl], [CreatedAt], [UpdatedAt], [DeletedAt], [Status], [CategoryId]) VALUES (16, N'Yoga 1 tháng', 3000000, N'https://vn-live.slatic.net/v2/resize/products/S-100024587-0b054195543807e4388404cf67df4b47.jpg', CAST(N'2020-06-06T00:00:00.000' AS DateTime), NULL, NULL, 1, 4)
INSERT [dbo].[Products] ([Id], [Name], [Price], [ImageUrl], [CreatedAt], [UpdatedAt], [DeletedAt], [Status], [CategoryId]) VALUES (17, N'Yoga 3 tháng', 800000, N'https://vn-live.slatic.net/v2/resize/products/S-100024587-0b054195543807e4388404cf67df4b47.jpg', CAST(N'2020-06-06T00:00:00.000' AS DateTime), NULL, NULL, 1, 4)
INSERT [dbo].[Products] ([Id], [Name], [Price], [ImageUrl], [CreatedAt], [UpdatedAt], [DeletedAt], [Status], [CategoryId]) VALUES (18, N'Yoga 6 tháng', 1500000, N'https://vn-live.slatic.net/v2/resize/products/S-100024587-0b054195543807e4388404cf67df4b47.jpg', CAST(N'2020-06-06T00:00:00.000' AS DateTime), NULL, NULL, 1, 4)
INSERT [dbo].[Products] ([Id], [Name], [Price], [ImageUrl], [CreatedAt], [UpdatedAt], [DeletedAt], [Status], [CategoryId]) VALUES (19, N'Yoga 1 năm', 2700000, N'https://vn-live.slatic.net/v2/resize/products/S-100024587-0b054195543807e4388404cf67df4b47.jpg', CAST(N'2020-06-06T00:00:00.000' AS DateTime), NULL, NULL, 1, 4)
INSERT [dbo].[Products] ([Id], [Name], [Price], [ImageUrl], [CreatedAt], [UpdatedAt], [DeletedAt], [Status], [CategoryId]) VALUES (20, N'Yoga 2 năm', 5000000, N'https://vn-live.slatic.net/v2/resize/products/S-100024587-0b054195543807e4388404cf67df4b47.jpg', CAST(N'2020-06-06T00:00:00.000' AS DateTime), NULL, NULL, 1, 4)
INSERT [dbo].[Products] ([Id], [Name], [Price], [ImageUrl], [CreatedAt], [UpdatedAt], [DeletedAt], [Status], [CategoryId]) VALUES (21, N'Kickfit 1 tháng', 400000, N'https://i0.wp.com/blog.wefit.vn/wp-content/uploads/2017/11/Kickfit-01.jpg?fit=1920%2C960&ssl=1', CAST(N'2020-06-06T00:00:00.000' AS DateTime), NULL, NULL, 1, 5)
INSERT [dbo].[Products] ([Id], [Name], [Price], [ImageUrl], [CreatedAt], [UpdatedAt], [DeletedAt], [Status], [CategoryId]) VALUES (22, N'Kickfit 3 tháng', 1000000, N'https://i0.wp.com/blog.wefit.vn/wp-content/uploads/2017/11/Kickfit-01.jpg?fit=1920%2C960&ssl=1', CAST(N'2020-06-06T00:00:00.000' AS DateTime), NULL, NULL, 1, 5)
INSERT [dbo].[Products] ([Id], [Name], [Price], [ImageUrl], [CreatedAt], [UpdatedAt], [DeletedAt], [Status], [CategoryId]) VALUES (23, N'Kickfit 6 tháng', 1800000, N'https://i0.wp.com/blog.wefit.vn/wp-content/uploads/2017/11/Kickfit-01.jpg?fit=1920%2C960&ssl=1', CAST(N'2020-06-07T00:00:00.000' AS DateTime), NULL, NULL, 1, 5)
INSERT [dbo].[Products] ([Id], [Name], [Price], [ImageUrl], [CreatedAt], [UpdatedAt], [DeletedAt], [Status], [CategoryId]) VALUES (24, N'Kickfit 1 năm', 3500000, N'https://i0.wp.com/blog.wefit.vn/wp-content/uploads/2017/11/Kickfit-01.jpg?fit=1920%2C960&ssl=1', CAST(N'2020-06-06T00:00:00.000' AS DateTime), NULL, NULL, 1, 5)
INSERT [dbo].[Products] ([Id], [Name], [Price], [ImageUrl], [CreatedAt], [UpdatedAt], [DeletedAt], [Status], [CategoryId]) VALUES (25, N'Kickfit 2 năm', 6000000, N'https://i0.wp.com/blog.wefit.vn/wp-content/uploads/2017/11/Kickfit-01.jpg?fit=1920%2C960&ssl=1', CAST(N'2020-06-06T00:00:00.000' AS DateTime), NULL, NULL, 1, 5)
INSERT [dbo].[Products] ([Id], [Name], [Price], [ImageUrl], [CreatedAt], [UpdatedAt], [DeletedAt], [Status], [CategoryId]) VALUES (26, N'Giàn tạ đa năng BoFit G9', 18500000, N'https://saovietphat.vn/wp-content/uploads/2019/07/bofitg9-247x296.jpg', CAST(N'2020-06-06T00:00:00.000' AS DateTime), NULL, NULL, 1, 9)
INSERT [dbo].[Products] ([Id], [Name], [Price], [ImageUrl], [CreatedAt], [UpdatedAt], [DeletedAt], [Status], [CategoryId]) VALUES (27, N'Giàn tạ đa năng BoFit G8', 12500000, N'https://saovietphat.vn/wp-content/uploads/2018/05/g8-1-247x296.jpg', CAST(N'2020-06-06T00:00:00.000' AS DateTime), NULL, NULL, 1, 9)
INSERT [dbo].[Products] ([Id], [Name], [Price], [ImageUrl], [CreatedAt], [UpdatedAt], [DeletedAt], [Status], [CategoryId]) VALUES (28, N'Máy chạy bộ điện BoFit X7', 30000000, N'https://saovietphat.vn/wp-content/uploads/2018/05/g8-1-247x296.jpg', CAST(N'2020-06-06T00:00:00.000' AS DateTime), NULL, NULL, 1, 9)
INSERT [dbo].[Products] ([Id], [Name], [Price], [ImageUrl], [CreatedAt], [UpdatedAt], [DeletedAt], [Status], [CategoryId]) VALUES (29, N'Máy chạy bộ BoFit T5', 19500000, N'https://saovietphat.vn/wp-content/uploads/2018/12/bofit-t5-1-247x296.jpg', CAST(N'2020-06-07T00:00:00.000' AS DateTime), NULL, NULL, 1, 9)
INSERT [dbo].[Products] ([Id], [Name], [Price], [ImageUrl], [CreatedAt], [UpdatedAt], [DeletedAt], [Status], [CategoryId]) VALUES (30, N'Máy chạy bộ BoFit X8', 36000000, N'https://saovietphat.vn/wp-content/uploads/2019/04/x8new.2-247x296.jpg', CAST(N'2002-06-06T00:00:00.000' AS DateTime), NULL, NULL, 1, 9)
INSERT [dbo].[Products] ([Id], [Name], [Price], [ImageUrl], [CreatedAt], [UpdatedAt], [DeletedAt], [Status], [CategoryId]) VALUES (31, N'Máy chạy bộ Bofit X3', 25000000, N'https://saovietphat.vn/wp-content/uploads/2016/05/may-chay-bo-bofit-x3-247x296.jpg', CAST(N'2020-06-06T00:00:00.000' AS DateTime), NULL, NULL, 1, 9)
INSERT [dbo].[Products] ([Id], [Name], [Price], [ImageUrl], [CreatedAt], [UpdatedAt], [DeletedAt], [Status], [CategoryId]) VALUES (32, N'Máy chạy bộ BoFit X9', 38000000, N'https://saovietphat.vn/wp-content/uploads/2016/05/may-chay-bo-bofit-x3-247x296.jpg', CAST(N'2020-06-06T00:00:00.000' AS DateTime), NULL, NULL, 1, 9)
INSERT [dbo].[Products] ([Id], [Name], [Price], [ImageUrl], [CreatedAt], [UpdatedAt], [DeletedAt], [Status], [CategoryId]) VALUES (33, N'Xe đạp tập thể dục Bofit 0803', 5500000, N'https://saovietphat.vn/wp-content/uploads/2016/03/xe-dap-tap-the-duc-247x296.jpg', CAST(N'2020-06-06T00:00:00.000' AS DateTime), NULL, NULL, 1, 9)
INSERT [dbo].[Products] ([Id], [Name], [Price], [ImageUrl], [CreatedAt], [UpdatedAt], [DeletedAt], [Status], [CategoryId]) VALUES (34, N'Xe đạp tập thể dục BoFit 6809', 28500000, N'https://saovietphat.vn/wp-content/uploads/2017/10/xe-dap-tap-the-duc-bf6809-247x296.jpg', CAST(N'2020-06-06T00:00:00.000' AS DateTime), NULL, NULL, 1, 9)
INSERT [dbo].[Products] ([Id], [Name], [Price], [ImageUrl], [CreatedAt], [UpdatedAt], [DeletedAt], [Status], [CategoryId]) VALUES (35, N'Xe đạp tập thể dục 8500', 12000000, N'https://saovietphat.vn/wp-content/uploads/2018/05/xe-dap-tap-bofit-8500-1-247x296.jpg', CAST(N'2020-06-06T00:00:00.000' AS DateTime), NULL, NULL, 1, 9)
INSERT [dbo].[Products] ([Id], [Name], [Price], [ImageUrl], [CreatedAt], [UpdatedAt], [DeletedAt], [Status], [CategoryId]) VALUES (36, N'Ghế massage Bofit 626', 32000000, N'https://saovietphat.vn/wp-content/uploads/2018/06/Gh%E1%BA%BF_Massage_BoFit_626-247x296.jpg', CAST(N'2020-06-06T00:00:00.000' AS DateTime), NULL, NULL, 1, 9)
INSERT [dbo].[Products] ([Id], [Name], [Price], [ImageUrl], [CreatedAt], [UpdatedAt], [DeletedAt], [Status], [CategoryId]) VALUES (37, N'Ghế massage Ohara 690', 85000000, N'https://saovietphat.vn/wp-content/uploads/2019/06/ohara690-247x296.jpg', CAST(N'2020-06-06T00:00:00.000' AS DateTime), NULL, NULL, 1, 9)
INSERT [dbo].[Products] ([Id], [Name], [Price], [ImageUrl], [CreatedAt], [UpdatedAt], [DeletedAt], [Status], [CategoryId]) VALUES (38, N'Ghế massage Ohara i9', 92000000, N'https://saovietphat.vn/wp-content/uploads/2018/06/670.1-247x296.jpg', CAST(N'2020-06-06T00:00:00.000' AS DateTime), NULL, NULL, 1, 9)
INSERT [dbo].[Products] ([Id], [Name], [Price], [ImageUrl], [CreatedAt], [UpdatedAt], [DeletedAt], [Status], [CategoryId]) VALUES (39, N'Giầy trượt Patin ', 750000, N'https://saovietphat.vn/wp-content/uploads/2016/04/giay-truot-patin-247x296.jpg', CAST(N'2020-06-06T00:00:00.000' AS DateTime), NULL, NULL, 1, 9)
INSERT [dbo].[Products] ([Id], [Name], [Price], [ImageUrl], [CreatedAt], [UpdatedAt], [DeletedAt], [Status], [CategoryId]) VALUES (40, N'Máy đẩy tay vay Bofit K13', 20000000, N'https://saovietphat.vn/wp-content/uploads/2020/05/k13-247x296.jpg', CAST(N'2020-06-07T00:00:00.000' AS DateTime), NULL, NULL, 1, 9)
INSERT [dbo].[Products] ([Id], [Name], [Price], [ImageUrl], [CreatedAt], [UpdatedAt], [DeletedAt], [Status], [CategoryId]) VALUES (41, N'Gói tập coupe', 350000, N'https://scontent.fhph1-1.fna.fbcdn.net/v/t1.0-9/37286166_633509137048106_572626390185148416_o.jpg?_nc_cat=111&_nc_sid=730e14&_nc_ohc=UuXUsSwVLY4AX-V-vq0&_nc_ht=scontent.fhph1-1.fna&oh=5ddb040e757ad58aeae164f58d98e862&oe=5F1FBB95', CAST(N'2020-06-10T00:00:00.000' AS DateTime), NULL, NULL, 1, 1)
SET IDENTITY_INSERT [dbo].[Products] OFF
GO
